Workbook

Sheet Product Master
A1: Product Code | B1: Product Name | C1: Category | D1: Unit Price
A2: P01 | B2: Laptop | C2: Electronics | D2: 50000
A3: P02 | B3: Mouse | C3: Accessories | D3: 500
A4: P03 | B4: Monitor | C4: Electronics | D4: 15000
A5: P04 | B5: Keyboard | C5: Accessories | D5: 1500
A6: P05 | B6: Headphones | C6: Accessories | D6: 1200
A7: P06 | B7: Printer | C7: Electronics | D7: 18000

Sheet Sales Orders
A1: Order ID | B1: Product Code | C1: Region | D1: Units Sold | E1: Product Name | F1: Category | G1: Unit Price | H1: Revenue
A2: 4001 | B2: P03 | C2: East | D2: 15 | E2: =VLOOKUP(B2,'Product Master'!$A$2:$D$7,2,FALSE) -> Monitor | F2: =VLOOKUP(B2,'Product Master'!$A$2:$D$7,3,FALSE) -> Electronics | G2: =VLOOKUP(B2,'Product Master'!$A$2:$D$7,4,FALSE) -> 15000 | H2: =D2*G2 -> 225000
A3: 4002 | B3: P02 | C3: South | D3: 10 | E3: =VLOOKUP(B3,'Product Master'!$A$2:$D$7,2,FALSE) -> Mouse | F3: =VLOOKUP(B3,'Product Master'!$A$2:$D$7,3,FALSE) -> Accessories | G3: =VLOOKUP(B3,'Product Master'!$A$2:$D$7,4,FALSE) -> 500 | H3: =D3*G3 -> 5000
A4: 4003 | B4: P03 | C4: West | D4: 38 | E4: =VLOOKUP(B4,'Product Master'!$A$2:$D$7,2,FALSE) -> Monitor | F4: =VLOOKUP(B4,'Product Master'!$A$2:$D$7,3,FALSE) -> Electronics | G4: =VLOOKUP(B4,'Product Master'!$A$2:$D$7,4,FALSE) -> 15000 | H4: =D4*G4 -> 570000
A5: 4004 | B5: P05 | C5: South | D5: 12 | E5: =VLOOKUP(B5,'Product Master'!$A$2:$D$7,2,FALSE) -> Headphones | F5: =VLOOKUP(B5,'Product Master'!$A$2:$D$7,3,FALSE) -> Accessories | G5: =VLOOKUP(B5,'Product Master'!$A$2:$D$7,4,FALSE) -> 1200 | H5: =D5*G5 -> 14400
A6: 4005 | B6: P05 | C6: North | D6: 20 | E6: =VLOOKUP(B6,'Product Master'!$A$2:$D$7,2,FALSE) -> Headphones | F6: =VLOOKUP(B6,'Product Master'!$A$2:$D$7,3,FALSE) -> Accessories | G6: =VLOOKUP(B6,'Product Master'!$A$2:$D$7,4,FALSE) -> 1200 | H6: =D6*G6 -> 24000
A7: 4006 | B7: P01 | C7: West | D7: 14 | E7: =VLOOKUP(B7,'Product Master'!$A$2:$D$7,2,FALSE) -> Laptop | F7: =VLOOKUP(B7,'Product Master'!$A$2:$D$7,3,FALSE) -> Electronics | G7: =VLOOKUP(B7,'Product Master'!$A$2:$D$7,4,FALSE) -> 50000 | H7: =D7*G7 -> 700000
A8: 4007 | B8: P02 | C8: West | D8: 14 | E8: =VLOOKUP(B8,'Product Master'!$A$2:$D$7,2,FALSE) -> Mouse | F8: =VLOOKUP(B8,'Product Master'!$A$2:$D$7,3,FALSE) -> Accessories | G8: =VLOOKUP(B8,'Product Master'!$A$2:$D$7,4,FALSE) -> 500 | H8: =D8*G8 -> 7000
A9: 4008 | B9: P03 | C9: East | D9: 10 | E9: =VLOOKUP(B9,'Product Master'!$A$2:$D$7,2,FALSE) -> Monitor | F9: =VLOOKUP(B9,'Product Master'!$A$2:$D$7,3,FALSE) -> Electronics | G9: =VLOOKUP(B9,'Product Master'!$A$2:$D$7,4,FALSE) -> 15000 | H9: =D9*G9 -> 150000
A10: 4009 | B10: P01 | C10: East | D10: 37 | E10: =VLOOKUP(B10,'Product Master'!$A$2:$D$7,2,FALSE) -> Laptop | F10: =VLOOKUP(B10,'Product Master'!$A$2:$D$7,3,FALSE) -> Electronics | G10: =VLOOKUP(B10,'Product Master'!$A$2:$D$7,4,FALSE) -> 50000 | H10: =D10*G10 -> 1850000
A11: 4010 | B11: P04 | C11: South | D11: 17 | E11: =VLOOKUP(B11,'Product Master'!$A$2:$D$7,2,FALSE) -> Keyboard | F11: =VLOOKUP(B11,'Product Master'!$A$2:$D$7,3,FALSE) -> Accessories | G11: =VLOOKUP(B11,'Product Master'!$A$2:$D$7,4,FALSE) -> 1500 | H11: =D11*G11 -> 25500
A12: 4011 | B12: P02 | C12: North | D12: 8 | E12: =VLOOKUP(B12,'Product Master'!$A$2:$D$7,2,FALSE) -> Mouse | F12: =VLOOKUP(B12,'Product Master'!$A$2:$D$7,3,FALSE) -> Accessories | G12: =VLOOKUP(B12,'Product Master'!$A$2:$D$7,4,FALSE) -> 500 | H12: =D12*G12 -> 4000
A13: 4012 | B13: P02 | C13: West | D13: 41 | E13: =VLOOKUP(B13,'Product Master'!$A$2:$D$7,2,FALSE) -> Mouse | F13: =VLOOKUP(B13,'Product Master'!$A$2:$D$7,3,FALSE) -> Accessories | G13: =VLOOKUP(B13,'Product Master'!$A$2:$D$7,4,FALSE) -> 500 | H13: =D13*G13 -> 20500
... A26: 4025 | B26: P04 | C26: North | D26: 19 | E26: =VLOOKUP(B26,'Product Master'!$A$2:$D$7,2,FALSE) -> Keyboard | F26: =VLOOKUP(B26,'Product Master'!$A$2:$D$7,3,FALSE) -> Accessories | G26: =VLOOKUP(B26,'Product Master'!$A$2:$D$7,4,FALSE) -> 1500 | H26: =D26*G26 -> 28500

Sheet Summary
A1: Insight | B1: Value
A2: Total Revenue (All Orders) | B2: =SUM('Sales Orders'!H2:H26) -> 9134500
A3: Total Orders | B3: =COUNTA('Sales Orders'!A2:A26) -> 25
A4: Electronics - Total Revenue | B4: =SUMIF('Sales Orders'!F2:F26,"Electronics",'Sales Orders'!H2:H26) -> 8825000
A5: Accessories - Total Revenue | B5: =SUMIF('Sales Orders'!F2:F26,"Accessories",'Sales Orders'!H2:H26) -> 309500
A6: North Region - Order Count | B6: =COUNTIF('Sales Orders'!C2:C26,"North") -> 10
A7: Average Units Sold per Order | B7: =AVERAGE('Sales Orders'!D2:D26) -> 22.04
