Workbook

Sheet Employee Master
A1: Employee ID | B1: Employee Name | C1: Department | D1: City | E1: Salary
A2: E001 | B2: Ali Raza | C2: Finance | D2: Lahore | E2: 55000
A3: E002 | B3: Sara Khan | C3: HR | D3: Karachi | E3: 48000
A4: E003 | B4: Ahmed Iqbal | C4: IT | D4: Lahore | E4: 72000
A5: E004 | B5: Fatima Noor | C5: Finance | D5: Islamabad | E5: 61000
A6: E005 | B6: Bilal Ahmed | C6: Marketing | D6: Lahore | E6: 45000
A7: E006 | B7: Ayesha Malik | C7: HR | D7: Karachi | E7: 53000
A8: E007 | B8: Usman Tariq | C8: IT | D8: Lahore | E8: 68000
A9: E008 | B9: Hina Shahid | C9: Marketing | D9: Islamabad | E9: 42000
A10: E009 | B10: Zain Abbas | C10: Finance | D10: Lahore | E10: 59000
A11: E010 | B11: Mahnoor Fahad | C11: IT | D11: Islamabad | E11: 75000

Sheet Leave Records
A1: Record ID | B1: Employee ID | C1: Leave Type | D1: Days Taken | E1: Employee Name | F1: Department
A2: 3001 | B2: E002 | C2: Sick | D2: 3 | E2: =VLOOKUP(B2,'Employee Master'!$A$2:$E$11,2,FALSE) -> Sara Khan | F2: =VLOOKUP(B2,'Employee Master'!$A$2:$E$11,3,FALSE) -> HR
A3: 3002 | B3: E004 | C3: Sick | D3: 2 | E3: =VLOOKUP(B3,'Employee Master'!$A$2:$E$11,2,FALSE) -> Fatima Noor | F3: =VLOOKUP(B3,'Employee Master'!$A$2:$E$11,3,FALSE) -> Finance
A4: 3003 | B4: E002 | C4: Annual | D4: 5 | E4: =VLOOKUP(B4,'Employee Master'!$A$2:$E$11,2,FALSE) -> Sara Khan | F4: =VLOOKUP(B4,'Employee Master'!$A$2:$E$11,3,FALSE) -> HR
A5: 3004 | B5: E002 | C5: Annual | D5: 4 | E5: =VLOOKUP(B5,'Employee Master'!$A$2:$E$11,2,FALSE) -> Sara Khan | F5: =VLOOKUP(B5,'Employee Master'!$A$2:$E$11,3,FALSE) -> HR
A6: 3005 | B6: E001 | C6: Sick | D6: 1 | E6: =VLOOKUP(B6,'Employee Master'!$A$2:$E$11,2,FALSE) -> Ali Raza | F6: =VLOOKUP(B6,'Employee Master'!$A$2:$E$11,3,FALSE) -> Finance
A7: 3006 | B7: E004 | C7: Sick | D7: 5 | E7: =VLOOKUP(B7,'Employee Master'!$A$2:$E$11,2,FALSE) -> Fatima Noor | F7: =VLOOKUP(B7,'Employee Master'!$A$2:$E$11,3,FALSE) -> Finance
A8: 3007 | B8: E010 | C8: Sick | D8: 5 | E8: =VLOOKUP(B8,'Employee Master'!$A$2:$E$11,2,FALSE) -> Mahnoor Fahad | F8: =VLOOKUP(B8,'Employee Master'!$A$2:$E$11,3,FALSE) -> IT
A9: 3008 | B9: E004 | C9: Annual | D9: 5 | E9: =VLOOKUP(B9,'Employee Master'!$A$2:$E$11,2,FALSE) -> Fatima Noor | F9: =VLOOKUP(B9,'Employee Master'!$A$2:$E$11,3,FALSE) -> Finance
A10: 3009 | B10: E007 | C10: Sick | D10: 4 | E10: =VLOOKUP(B10,'Employee Master'!$A$2:$E$11,2,FALSE) -> Usman Tariq | F10: =VLOOKUP(B10,'Employee Master'!$A$2:$E$11,3,FALSE) -> IT
A11: 3010 | B11: E010 | C11: Casual | D11: 1 | E11: =VLOOKUP(B11,'Employee Master'!$A$2:$E$11,2,FALSE) -> Mahnoor Fahad | F11: =VLOOKUP(B11,'Employee Master'!$A$2:$E$11,3,FALSE) -> IT
A12: 3011 | B12: E003 | C12: Annual | D12: 4 | E12: =VLOOKUP(B12,'Employee Master'!$A$2:$E$11,2,FALSE) -> Ahmed Iqbal | F12: =VLOOKUP(B12,'Employee Master'!$A$2:$E$11,3,FALSE) -> IT
A13: 3012 | B13: E006 | C13: Casual | D13: 2 | E13: =VLOOKUP(B13,'Employee Master'!$A$2:$E$11,2,FALSE) -> Ayesha Malik | F13: =VLOOKUP(B13,'Employee Master'!$A$2:$E$11,3,FALSE) -> HR
... A21: 3020 | B21: E004 | C21: Annual | D21: 1 | E21: =VLOOKUP(B21,'Employee Master'!$A$2:$E$11,2,FALSE) -> Fatima Noor | F21: =VLOOKUP(B21,'Employee Master'!$A$2:$E$11,3,FALSE) -> Finance

Sheet Summary
A1: Insight | B1: Value
A2: Total Leave Days Taken (All Employees) | B2: =SUM('Leave Records'!D2:D21) -> 65
A3: Total Leave Records | B3: =COUNTA('Leave Records'!A2:A21) -> 20
A4: IT Department - Total Leave Days | B4: =SUMIF('Leave Records'!F2:F21,"IT",'Leave Records'!D2:D21) -> 19
A5: Finance Department - Total Leave Days | B5: =COUNTIF('Leave Records'!C2:C21,"Sick") -> 8
A6: Sick Leave - Total Count | B6: =COUNTIF('Leave Records'!C2:C21,"Sick") -> 8
A7: Average Salary (Employee Master) | B7: =AVERAGE('Employee Master'!E2:E11) -> 57800
